customer_id,customer_name,recency,frequency,monetary,cluster
SM-20320,Sean Miller,80.0,5,25043.05,1
TC-20980,Tamara Chand,400.0,5,19052.218,1
RB-19360,Raymond Buch,97.0,6,15117.339,1
TA-21385,Tom Ashbrook,70.0,4,14595.62,1
AB-10105,Adrian Barton,42.0,10,14473.570999999998,1
KL-16645,Ken Lonsdale,48.0,12,14175.229,1
SC-20095,Sanjit Chand,350.0,9,14142.334,1
HL-15040,Hunter Lopez,44.0,6,12873.298,1
SE-20110,Sanjit Engle,10.0,11,12209.438000000002,1
CC-12370,Christopher Conant,44.0,5,12129.072,1
TS-21370,Todd Sumrall,37.0,6,11891.751,1
GT-14710,Greg Tran,37.0,11,11820.119999999995,1
BM-11140,Becky Martin,308.0,4,11789.630000000005,1
SV-20365,Seth Vernon,102.0,10,11470.949999999995,1
CJ-12010,Caroline Jumper,190.0,8,11164.974,1
CL-12565,Clay Ludtke,285.0,12,10880.545999999998,1
ME-17320,Maria Etezadi,43.0,10,10663.727999999996,1
KF-16285,Karen Ferguson,98.0,7,10604.266,1
BS-11365,Bill Shonely,559.0,5,10501.652999999998,1
EH-13765,Edward Hooks,136.0,12,10310.88,1
JL-15835,John Lee,22.0,11,9799.923,1
GT-14635,Grant Thornton,57.0,3,9351.211999999998,1
HW-14935,Helen Wasserman,118.0,8,9300.253999999995,1
TB-21400,Tom Boeckenhauer,203.0,7,9133.99,1
PF-19120,Peter Fuller,836.0,4,9062.863999999998,2
CM-12385,Christopher Martinez,38.0,4,8954.02,1
JD-16150,Justin Deggeller,42.0,8,8828.030499999999,1
JE-15715,Joe Elijah,47.0,10,8697.843,1
LA-16780,Laura Armstrong,155.0,11,8673.221999999998,1
PK-19075,Pete Kriz,10.0,12,8646.933999999997,1
DR-12940,Daniel Raglin,51.0,8,8350.868,1
NF-18385,Natalie Fritzler,80.0,7,8322.826000000001,1
KD-16270,Karen Daniels,485.0,5,8282.358,1
NC-18535,Nick Crebassa,7.0,7,8241.739,1
HM-14860,Harry Marie,3.0,10,8236.7648,1
KD-16495,Keith Dawkins,113.0,12,8181.256,1
SB-20290,Sean Braxton,48.0,7,8057.890999999999,1
ZC-21910,Zuschuss Carroll,55.0,13,8025.707000000001,1
JH-15985,Joseph Holt,30.0,6,7954.998,1
NP-18700,Nora Preis,139.0,7,7903.182500000001,1
AH-10690,Anna Häberlin,411.0,12,7888.294000000001,1
AB-10060,Adam Bellavance,55.0,8,7755.619999999999,1
JE-15610,Jim Epp,49.0,7,7754.976,1
JW-15220,Jane Waco,43.0,6,7721.714,1
LC-16885,Lena Creighton,17.0,12,7663.125999999999,1
JM-15865,John Murray,110.0,7,7625.076000000002,1
JD-15895,Jonathan Doherty,395.0,11,7610.864,1
PO-18850,Patrick O'Brill,5.0,11,7473.828200000001,1
MS-17365,Maribeth Schnelling,274.0,10,7443.69,1
RW-19540,Rick Wilson,121.0,7,7397.401000000001,1
BM-11650,Brian Moss,34.0,11,7294.185,1
PP-18955,Paul Prost,98.0,10,7252.608000000002,1
NW-18400,Natalie Webber,173.0,7,7234.013999999999,1
Dp-13240,Dean percer,85.0,11,7198.760999999999,1
FH-14365,Fred Hopkins,6.0,8,6987.195999999999,1
RH-19510,Rick Huthwaite,468.0,6,6979.18,1
PS-19045,Penelope Sewall,237.0,7,6843.633999999999,1
BB-11545,Brenda Bowman,29.0,9,6765.727999999999,1
JE-15745,Joel Eaton,52.0,13,6760.814999999999,1
YS-21880,Yana Sorensen,10.0,8,6720.443999999999,1
AR-10540,Andy Reiter,7.0,6,6608.448,1
DR-12880,Dan Reichenbach,4.0,9,6528.033999999999,1
GK-14620,Grace Kelly,113.0,9,6497.27,1
JA-15970,Joseph Airdo,93.0,8,6491.026000000001,1
NM-18445,Nathan Mautz,161.0,7,6459.343999999999,1
VD-21670,Valerie Dominguez,582.0,6,6442.254000000001,2
SB-20185,Sarah Brown,189.0,6,6410.995999999999,1
JG-15160,James Galang,2.0,11,6366.391999999999,3
DM-13015,Darrin Martin,58.0,7,6345.103,1
CM-12655,Corinna Mitchell,28.0,6,6339.5576,1
MJ-17740,Max Jones,23.0,7,6320.746,1
BH-11710,Brosina Hoffman,24.0,8,6255.351000000001,3
RL-19615,Rob Lucas,122.0,8,6234.909999999999,1
WB-21850,William Brown,21.0,11,6160.102,3
VW-21775,Victoria Wilson,29.0,10,6134.0380000000005,3
SD-20485,Shirley Daniels,201.0,9,6121.114,1
QJ-19255,Quincy Jones,26.0,9,6108.338,3
AD-10180,Alan Dominguez,30.0,8,6106.879999999999,3
CB-12025,Cassandra Brandow,48.0,10,6076.138999999999,3
GM-14695,Greg Maxwell,118.0,3,6049.966000000002,0
SC-20380,Shahid Collister,31.0,9,5992.535999999999,3
KH-16690,Kristen Hastings,3.0,7,5990.798999999999,3
RM-19675,Robert Marley,7.0,5,5979.0960000000005,0
KH-16510,Keith Herrera,23.0,7,5952.859000000002,3
BF-11170,Ben Ferrer,17.0,11,5907.972,3
CP-12340,Christine Phan,161.0,8,5888.275000000001,3
BD-11320,Bill Donatelli,34.0,12,5718.521000000001,3
CS-12505,Cindy Stewart,59.0,6,5690.054999999999,3
AM-10705,Anne McFarland,163.0,8,5664.022,3
RB-19795,Ross Baird,33.0,8,5633.315999999999,3
KM-16375,Katherine Murray,57.0,8,5620.186,3
AA-10315,Alex Avila,185.0,5,5563.56,0
SM-20950,Suzanne McNair,26.0,12,5563.392,3
NP-18325,Naresj Patel,26.0,6,5529.62,3
AC-10450,Amy Cox,12.0,7,5527.8460000000005,3
MH-18115,Mick Hernandez,6.0,9,5503.092999999999,3
DP-13390,Dennis Pardue,359.0,9,5480.723999999999,3
EP-13915,Emily Phan,13.0,17,5478.0608,3
YC-21895,Yoseph Carroll,5.0,5,5454.35,0
SP-20620,Stefania Perrino,48.0,9,5440.319,3
LW-17215,Luke Weiss,22.0,7,5420.513999999999,3
CP-12085,Cathy Prescott,83.0,8,5402.253999999999,3
TS-21205,Thomas Seio,199.0,7,5371.09,3
TT-21460,Tonja Turnell,13.0,7,5364.808000000001,3
MW-18220,Mitch Webber,18.0,7,5341.9,3
TP-21415,Tom Prescott,105.0,5,5329.0048,0
TW-21025,Tamara Willingham,65.0,7,5278.825999999999,3
DW-13480,Dianna Wilson,218.0,5,5271.628,0
MW-18235,Mitch Willingham,45.0,2,5253.876,0
HR-14830,Harold Ryan,160.0,7,5248.786999999999,3
SC-20725,Steven Cartwright,188.0,11,5226.209999999998,3
RP-19390,Resi Pölking,34.0,12,5153.084,3
LR-16915,Lena Radford,27.0,6,5142.891999999999,3
MP-18175,Mike Pelletier,17.0,9,5087.92,3
AA-10645,Anna Andreadi,56.0,6,5086.935000000001,3
IL-15100,Ivan Liston,143.0,7,5040.736,3
KL-16555,Kelly Lampkin,17.0,8,5016.488000000001,3
LB-16795,Laurel Beltran,153.0,8,4985.676,3
DH-13075,Dave Hallsten,278.0,6,4932.871999999999,3
IM-15070,Irene Maddox,391.0,7,4930.473999999999,3
TT-21070,Ted Trevino,32.0,7,4915.602,3
KM-16720,Kunst Miller,29.0,8,4909.472000000001,3
PO-19180,Philisse Overcash,161.0,9,4893.043000000001,3
HK-14890,Heather Kirkland,152.0,8,4877.784,3
AJ-10780,Anthony Jacobs,76.0,7,4867.344,3
JK-15730,Joe Kamberova,85.0,10,4867.200000000001,3
AH-10210,Alan Hwang,7.0,9,4805.344,3
DK-13225,Dean Katz,11.0,9,4802.393999999999,3
RA-19915,Russell Applegate,13.0,9,4793.543000000001,3
SA-20830,Sue Ann Reed,64.0,10,4767.3415,3
JK-15640,Jim Kriz,181.0,9,4760.434000000001,3
BW-11110,Bart Watters,122.0,8,4750.357999999999,3
TB-21520,Tracy Blumstein,108.0,9,4737.486,3
GB-14575,Giulietta Baptist,14.0,5,4716.2880000000005,0
RB-19465,Rick Bensley,10.0,12,4715.466000000001,3
ES-14080,Erin Smith,29.0,9,4657.924,3
DB-13270,Deborah Brumfield,54.0,8,4655.897,3
KT-16480,Kean Thornton,101.0,10,4642.088400000001,3
SC-20050,Sample Company A,41.0,9,4624.572000000001,3
EM-14140,Eugene Moren,49.0,6,4588.436,3
DB-13060,Dave Brooks,17.0,7,4531.646000000002,3
AR-10825,Anthony Rawles,59.0,8,4523.335999999999,3
AG-10900,Arthur Gainer,97.0,10,4510.7970000000005,3
AJ-10795,Anthony Johnson,167.0,7,4501.391,3
LC-16930,Linda Cazamias,42.0,8,4492.946,3
SC-20770,Stewart Carmichael,42.0,7,4492.656999999999,3
TP-21130,Theone Pippenger,9.0,9,4454.056,3
MC-17425,Mark Cousins,400.0,5,4432.138,2
JK-15205,Jamie Kunitz,62.0,5,4427.142000000001,0
KW-16435,Katrina Willman,97.0,5,4416.52,0
BD-11500,Bradley Drucker,36.0,6,4411.243,3
AI-10855,Arianne Irving,14.0,10,4375.785999999999,3
SC-20230,Scot Coram,150.0,4,4371.9580000000005,0
EB-13840,Ellis Ballard,91.0,5,4358.128,0
GZ-14470,Gary Zandusky,8.0,9,4355.15,3
SR-20740,Steven Roelle,197.0,8,4345.886,3
ND-18370,Natalie DeCherney,28.0,9,4326.139,3
MA-17560,Matt Abelman,65.0,11,4299.160999999999,3
SP-20860,Sung Pak,80.0,10,4282.94,3
DK-12895,Dana Kaydos,46.0,5,4282.175999999999,0
RD-19480,Rick Duston,73.0,8,4272.93,3
TC-21295,Toby Carlisle,28.0,8,4266.812,3
AS-10225,Alan Schoenberger,23.0,5,4260.784000000001,0
FH-14275,Frank Hawley,38.0,10,4256.272,3
CB-12535,Claudia Bergmann,198.0,8,4246.4555,3
TH-21550,Tracy Hopkins,73.0,7,4234.0960000000005,3
BE-11335,Bill Eplett,120.0,5,4204.676,0
JF-15565,Jill Fjeld,55.0,8,4198.332,3
GH-14425,Gary Hwang,51.0,4,4172.8460000000005,0
RS-19765,Roland Schwarz,37.0,8,4159.769999999999,3
MY-18295,Muhammed Yedwab,72.0,11,4152.696000000001,3
PM-19135,Peter McVee,52.0,4,4115.662,0
SV-20785,Stewart Visinsky,321.0,9,4105.305,3
DM-13345,Denise Monton,23.0,8,4074.4720000000007,3
FP-14320,Frank Preis,24.0,8,4046.746000000001,3
SP-20920,Susan Pistek,71.0,6,3990.689,0
CM-12715,Craig Molinari,1036.0,4,3984.4524,2
MP-17965,Michael Paige,73.0,9,3983.642,3
SC-20305,Sean Christensen,30.0,7,3979.065,3
SJ-20125,Sanjit Jacobs,96.0,12,3949.656,3
LF-17185,Luke Foster,23.0,7,3930.509,3
PW-19240,Pierre Wener,465.0,7,3922.415,2
GA-14515,George Ashbrook,150.0,8,3919.776,3
KH-16630,Ken Heidel,59.0,9,3918.966,3
CC-12220,Chris Cortes,21.0,12,3913.418,3
DB-13555,Dorothy Badders,108.0,7,3908.8028,3
NP-18670,Nora Paige,59.0,5,3908.402,0
KC-16540,Kelly Collister,98.0,4,3908.262,0
FC-14335,Fred Chung,185.0,7,3889.366,3
BS-11380,Bill Stewart,29.0,5,3887.834,0
JS-15880,John Stevenson,535.0,5,3868.02,2
RA-19885,Ruben Ausman,44.0,7,3832.314,3
AT-10735,Annie Thurman,14.0,10,3831.864000000001,3
OT-18730,Olvera Toch,66.0,5,3818.624,0
RO-19780,Rose O'Brian,36.0,7,3815.478,3
MC-17845,Michael Chen,2.0,7,3805.714000000001,3
MM-17920,Michael Moore,8.0,11,3794.08,3
CA-11965,Carol Adams,97.0,6,3789.7228,0
MG-17650,Matthew Grinstein,30.0,7,3785.276,3
MD-17350,Maribeth Dona,118.0,7,3766.382,3
JK-15625,Jim Karlsson,62.0,7,3760.028,3
JK-16090,Juliana Krohn,29.0,3,3747.6680000000006,0
FM-14290,Frank Merwin,37.0,9,3736.198,3
SC-20260,Scott Cohen,188.0,8,3729.793,3
HG-15025,Hunter Glantz,7.0,7,3690.284,3
BP-11185,Ben Peterman,2.0,9,3675.861,3
LP-17095,Liz Preis,10.0,7,3653.399,3
CS-12400,Christopher Schild,3.0,9,3651.8585000000007,3
EB-13705,Ed Braxton,49.0,9,3644.978000000001,3
JP-15520,Jeremy Pistek,9.0,7,3635.594000000001,3
SZ-20035,Sam Zeldin,36.0,11,3625.329,3
RH-19495,Rick Hansen,33.0,5,3621.376,0
TB-21175,Thomas Boland,59.0,4,3589.296,0
GM-14440,Gary McGarr,84.0,7,3582.82,3
DL-13495,Dionis Lloyd,77.0,8,3539.322,3
ES-14020,Erica Smith,41.0,5,3510.458,0
RW-19690,Robert Waldorf,80.0,5,3495.646,0
AG-10675,Anna Gayman,98.0,7,3489.0396,3
ED-13885,Emily Ducich,136.0,8,3484.92,3
PW-19030,Pauline Webber,47.0,10,3454.916,3
SF-20200,Sarah Foster,60.0,9,3422.785999999999,3
FC-14245,Frank Carlisle,71.0,7,3418.742,3
SH-19975,Sally Hughsby,30.0,13,3406.8395,3
SG-20080,Sandra Glassco,9.0,3,3406.581,0
TS-21655,Trudy Schmidt,239.0,5,3368.093999999999,0
SC-20020,Sam Craven,782.0,5,3362.9636,2
VP-21760,Victoria Pisteka,76.0,7,3360.526,3
DJ-13630,Doug Jacobs,13.0,3,3356.398,0
DV-13465,Dianna Vittorini,30.0,6,3341.5870000000004,0
SF-20965,Sylvia Foulston,49.0,9,3336.535,3
DC-12850,Dan Campbell,38.0,9,3336.1680000000006,3
AP-10915,Arthur Prichep,99.0,10,3323.556,3
DK-13375,Dennis Kane,20.0,8,3318.4859999999994,3
KH-16330,Katharine Harms,41.0,8,3312.864,3
RF-19345,Randy Ferguson,391.0,8,3309.1500000000005,3
RR-19525,Rick Reed,171.0,6,3302.262,0
BD-11605,Brian Dahlen,98.0,7,3288.471,3
BS-11665,Brian Stugart,583.0,3,3288.11,2
RW-19630,Rob Williams,90.0,9,3279.746,3
DL-12925,Daniel Lacy,58.0,6,3272.2000000000003,0
DK-12835,Damala Kotsonis,22.0,12,3256.4800000000005,3
AS-10090,Adam Shillingsburg,29.0,9,3255.3099999999995,3
JO-15145,Jack O'Briant,58.0,9,3254.9490000000005,3
AH-10075,Adam Hart,35.0,10,3250.336999999999,3
HG-14965,Henry Goldwyn,24.0,12,3247.642,3
LC-16960,Lindsay Castell,437.0,4,3246.626,2
CT-11995,Carol Triggs,97.0,8,3241.898000000001,3
EB-13750,Edward Becker,36.0,10,3236.3139999999994,3
SR-20425,Sharelle Roach,9.0,5,3233.481,0
LW-16990,Lindsay Williams,34.0,6,3230.308,0
RS-19420,Ricardo Sperren,77.0,5,3221.29,0
AS-10285,Alejandro Savely,20.0,6,3214.236,0
MP-17470,Mark Packer,720.0,7,3206.132,2
CS-12355,Christine Sundaresam,7.0,11,3202.1620000000003,3
BT-11680,Brian Thompson,21.0,7,3196.7520000000004,3
DG-13300,Deirdre Greer,33.0,5,3195.818,0
JL-15505,Jeremy Lonsdale,50.0,6,3173.874,0
GM-14680,Greg Matthias,153.0,6,3163.628,0
JM-15250,Janet Martin,38.0,6,3159.1220000000003,0
CK-12205,Chloris Kastensmidt,40.0,13,3154.855,3
KB-16240,Karen Bern,5.0,7,3152.615,3
MS-17770,Maxwell Schwartz,122.0,9,3144.6779999999994,3
RD-19900,Ruben Dartt,115.0,9,3133.9239999999995,3
TN-21040,Tanja Norvell,91.0,7,3130.221,3
SN-20710,Steve Nguyen,80.0,7,3127.9592000000007,3
SG-20605,Speros Goranitis,109.0,6,3124.832000000001,0
KH-16360,Katherine Hughes,2.0,6,3100.612,0
PG-18820,Patrick Gardner,37.0,13,3086.907,3
EH-14125,Eugene Hildebrand,153.0,10,3082.653,3
GM-14455,Gary Mitchum,17.0,6,3078.6240000000003,0
EB-14110,Eugene Barchas,114.0,6,3071.126,0
MG-18145,Mike Gockenbach,85.0,4,3061.543,0
TG-21310,Toby Gnade,338.0,5,3058.3720000000003,0
KT-16465,Kean Takahito,392.0,7,3057.1,2
SS-20410,Shahid Shariari,111.0,6,3056.807,0
SL-20155,Sara Luxemburg,71.0,7,3053.012000000001,3
AS-10045,Aaron Smayling,89.0,7,3050.6920000000005,3
CA-12775,Cynthia Arntzen,121.0,7,3041.566,3
CS-11950,Carlos Soltero,26.0,11,3036.547,3
LS-16975,Lindsay Shagiari,21.0,9,2988.674,3
MH-18025,Michelle Huthwaite,50.0,5,2984.9480000000003,0
FA-14230,Frank Atkinson,98.0,7,2984.053999999999,3
DB-13120,David Bremer,49.0,7,2973.094,3
NS-18640,Noel Staavos,175.0,13,2964.8229999999994,3
TM-21010,Tamara Manning,104.0,8,2955.226,3
CK-12325,Christine Kargatis,121.0,5,2945.321,0
TH-21115,Thea Hudgings,59.0,4,2942.772,0
LT-17110,Liz Thompson,35.0,8,2936.2519999999995,3
BC-11125,Becky Castell,203.0,9,2933.6759999999995,3
JK-16120,Julie Kriz,118.0,10,2932.4840000000004,3
SW-20455,Shaun Weien,163.0,7,2921.544,3
ML-17410,Maris LaWare,55.0,6,2921.499999999999,0
RD-19585,Rob Dowd,181.0,10,2912.894,3
CY-12745,Craig Yedwab,61.0,8,2900.026,3
ND-18460,Neil Ducich,184.0,6,2893.455,0
MT-17815,Meg Tillman,50.0,6,2890.139,0
BF-11020,Barry Französisch,75.0,8,2888.506,3
DS-13180,David Smith,24.0,9,2881.8128,3
PV-18985,Paul Van Hugh,90.0,5,2876.0460000000003,0
IM-15055,Ionia McGrath,410.0,3,2872.63,2
CC-12430,Chuck Clark,1.0,10,2870.0500000000006,3
CC-12685,Craig Carroll,800.0,4,2854.1150000000007,2
AW-10930,Arthur Wiediger,47.0,7,2852.9680000000003,3
EA-14035,Erin Ashbrook,153.0,13,2846.7050000000004,3
LS-16945,Linda Southworth,179.0,6,2845.27,0
DB-12970,Darren Budd,242.0,5,2839.2272000000003,0
JM-16195,Justin MacKendrick,58.0,10,2833.9260000000004,3
CV-12295,Christina VanderZanden,255.0,5,2830.628,0
TS-21610,Troy Staebel,56.0,7,2820.4240000000004,3
GH-14410,Gary Hansen,76.0,9,2819.467000000001,3
BG-11035,Barry Gonzalez,29.0,8,2798.948,3
TB-21625,Trudy Brown,31.0,9,2797.668,3
RD-19660,Robert Dilbeck,115.0,5,2786.632,0
JC-15775,John Castell,159.0,9,2772.0550000000007,3
PF-19165,Philip Fox,197.0,6,2770.0,0
EB-13870,Emily Burns,101.0,10,2767.219,3
CS-12250,Chris Selesnick,27.0,12,2754.216,3
MM-18055,Michelle Moray,62.0,8,2749.881,3
KB-16585,Ken Black,231.0,12,2744.742,3
LL-16840,Lauren Leatherbury,250.0,6,2741.204,0
MC-17275,Marc Crier,77.0,8,2725.982,3
JL-15850,John Lucas,615.0,6,2725.2560000000003,2
ML-17395,Marina Lichtenstein,70.0,9,2722.843,3
JK-15370,Jay Kimmel,45.0,8,2709.632,3
JE-16165,Justin Ellison,21.0,3,2697.248,0
BT-11530,Bradley Talbott,92.0,5,2684.492,0
BO-11350,Bill Overfelt,138.0,5,2682.728,0
FO-14305,Frank Olsen,39.0,10,2678.438,3
NH-18610,Nicole Hansen,190.0,7,2673.2899999999995,3
RB-19435,Richard Bierner,20.0,8,2663.086,3
EJ-14155,Eva Jacobs,58.0,5,2656.691,0
DK-13090,Dave Kipp,43.0,7,2650.557,3
CA-12265,Christina Anderson,57.0,9,2648.2872,3
LC-17140,Logan Currie,14.0,9,2633.5820000000003,3
RA-19285,Ralph Arnett,6.0,9,2617.9060000000004,3
KN-16390,Katherine Nockton,20.0,9,2617.2720000000004,3
SO-20335,Sean O'Donnell,30.0,6,2602.575500000001,0
SU-20665,Stephanie Ulpright,21.0,7,2595.3640000000005,3
HA-14920,Helen Andreada,21.0,8,2584.1580000000004,3
AG-10270,Alejandro Grove,279.0,5,2582.898,0
LC-16870,Lena Cacioppo,28.0,8,2580.704,3
SC-20695,Steve Chapman,90.0,10,2576.408,3
NS-18505,Neola Schneider,7.0,4,2575.863,0
BT-11305,Beth Thompson,337.0,5,2567.656,0
EM-13810,Eleni McCrary,133.0,5,2567.01,0
MZ-17515,Mary Zewe,283.0,6,2564.906,0
BS-11755,Bruce Stewart,2.0,7,2562.3820000000005,3
DE-13255,Deanra Eno,720.0,5,2550.874,2
CC-12610,Corey Catlett,35.0,7,2540.631,3
AC-10615,Ann Chong,7.0,5,2537.686,0
CM-12160,Charles McCrossin,27.0,6,2533.314,0
HF-14995,Herbert Flentye,22.0,7,2533.164,3
FM-14380,Fred McMath,146.0,9,2523.266,3
JB-16045,Julia Barnett,8.0,5,2518.115,0
JS-16030,Joy Smith,29.0,6,2516.494,0
DJ-13510,Don Jones,49.0,8,2501.688,3
AH-10465,Amy Hunt,231.0,5,2495.3916000000004,0
PO-18865,Patrick O'Donnell,1.0,7,2493.2140000000004,3
NZ-18565,Nick Zandusky,86.0,9,2488.31,3
MN-17935,Michael Nguyen,35.0,6,2477.946,0
BP-11290,Beth Paige,13.0,7,2475.1570000000006,3
CC-12145,Charles Crestani,107.0,7,2471.6500000000005,3
NC-18340,Nat Carroll,225.0,5,2461.404000000001,0
FM-14215,Filia McAdams,8.0,10,2456.6380000000004,3
MH-17455,Mark Hamilton,86.0,8,2456.182,3
BS-11590,Brendan Sweed,36.0,6,2454.9280000000003,0
VM-21685,Valerie Mitchum,55.0,7,2454.866,3
GZ-14545,George Zrebassa,158.0,4,2454.6220000000003,0
MA-17995,Michelle Arnett,187.0,6,2453.284,0
BP-11095,Bart Pistole,18.0,12,2442.044,3
MC-17590,Matt Collister,52.0,6,2426.067,0
TH-21100,Thea Hendricks,345.0,5,2422.824,2
MH-17290,Marc Harrigan,120.0,6,2394.025,0
DF-13135,David Flashing,701.0,3,2390.534,2
XP-21865,Xylona Preis,44.0,11,2374.6580000000004,3
CK-12595,Clytie Kelty,44.0,11,2372.7500000000005,3
JF-15415,Jennifer Ferguson,3.0,6,2371.448,0
CV-12805,Cynthia Voltz,6.0,9,2370.3136,3
NR-18550,Nick Radford,211.0,5,2367.277,0
JG-15115,Jack Garza,759.0,3,2358.676,2
AG-10495,Andrew Gjertsen,79.0,8,2356.855,3
CL-12700,Craig Leslie,106.0,5,2353.586,0
MG-17680,Maureen Gastineau,93.0,4,2350.188,0
RF-19735,Roland Fjeld,90.0,7,2341.2960000000003,3
EM-13825,Elizabeth Moffitt,56.0,8,2339.598,3
DB-13210,Dean Braden,10.0,10,2332.577,3
CM-12235,Chris McAfee,386.0,5,2305.712,2
MK-17905,Michael Kennedy,29.0,8,2302.3680000000004,3
LH-16900,Lena Hernandez,22.0,9,2295.3320000000003,3
KN-16705,Kristina Nunn,99.0,8,2280.5800000000004,3
JF-15190,Jamie Frazer,66.0,7,2279.586,3
FH-14350,Fred Harton,213.0,4,2271.284,0
CC-12670,Craig Carreira,30.0,7,2269.7015000000006,3
BE-11410,Bobby Elias,99.0,5,2261.438,0
KM-16225,Kalyca Meade,15.0,6,2260.958,0
MC-17605,Matt Connell,113.0,8,2258.192,3
JH-16180,Justin Hirsh,405.0,4,2256.394,2
MY-17380,Maribeth Yedwab,30.0,7,2254.2849999999994,3
KD-16615,Ken Dana,290.0,5,2243.51,0
TS-21505,Tony Sayre,12.0,6,2243.274,0
JG-15310,Jason Gross,3.0,6,2240.5800000000004,0
LW-16825,Laurel Workman,89.0,5,2238.061,0
AR-10405,Allen Rosenblatt,126.0,5,2236.128,0
GG-14650,Greg Guthrie,44.0,9,2224.000000000001,3
NC-18415,Nathan Cano,42.0,6,2218.99,0
MC-18100,Mick Crebagga,42.0,10,2218.98,3
DP-13105,Dave Poirier,7.0,8,2215.002,3
PF-19225,Phillip Flathmann,115.0,5,2206.128,0
MH-17785,Maya Herman,99.0,7,2203.778,3
JL-15235,Janet Lee,120.0,5,2203.7,0
JR-16210,Justin Ritter,34.0,5,2201.686,0
EN-13780,Edward Nazzal,288.0,4,2199.366,0
TB-21280,Toby Braunhardt,584.0,6,2198.45,2
GW-14605,Giulietta Weimer,29.0,7,2189.0190000000007,3
BT-11395,Bill Tyler,303.0,6,2186.6130000000003,0
PS-18760,Pamela Stobb,108.0,6,2181.479,0
SH-20395,Shahid Hopkins,24.0,10,2180.718,3
KN-16450,Kean Nguyen,53.0,5,2171.962,0
DB-12910,Daniel Byrd,22.0,8,2171.599,3
RP-19855,Roy Phan,29.0,8,2170.716000000001,3
TS-21160,Theresa Swint,505.0,6,2163.6240000000003,2
HA-14905,Helen Abelman,70.0,7,2163.3,3
EJ-13720,Ed Jacobs,303.0,4,2162.174,0
NM-18520,Neoma Murray,245.0,10,2161.9790000000003,3
JD-15790,John Dryer,118.0,5,2152.3520000000003,0
CR-12580,Clay Rozendal,58.0,4,2148.852,0
DN-13690,Duane Noonan,218.0,7,2139.7900000000004,3
KC-16255,Karen Carlisle,408.0,6,2120.954,2
SH-20635,Stefanie Holloman,766.0,2,2096.392,2
LC-17050,Liz Carlisle,55.0,5,2095.064,0
RH-19600,Rob Haberlin,535.0,3,2085.74,2
TG-21640,Trudy Glocke,115.0,4,2074.661,0
ML-17755,Max Ludwig,30.0,7,2071.914,3
RB-19705,Roger Barcio,55.0,4,2067.45,0
TS-21430,Tom Stivers,173.0,5,2054.14,0
AF-10870,Art Ferguson,42.0,7,2052.9080000000004,3
CD-11920,Carlos Daly,41.0,5,2033.968,0
NF-18595,Nicole Fjeld,115.0,7,2031.472,3
DJ-13420,Denny Joy,638.0,4,2012.52,2
VB-21745,Victoria Brennan,55.0,6,2005.596,0
HP-14815,Harold Pawlan,31.0,7,1990.314,3
DB-13615,Doug Bickford,34.0,7,1989.05,3
PG-18895,Paul Gonzalez,58.0,9,1987.164,3
NB-18655,Nona Balk,20.0,9,1972.599,3
SW-20275,Scott Williamson,31.0,6,1966.65,0
LD-17005,Lisa DeCherney,415.0,4,1961.934,2
CB-12415,Christy Brittain,27.0,8,1949.2,3
TP-21565,Tracy Poddar,351.0,4,1936.64,2
JO-15280,Jas O'Carroll,93.0,6,1934.272,0
JF-15355,Jay Fein,106.0,6,1911.844,0
ME-17725,Max Engle,29.0,8,1908.4532,3
SV-20935,Susan Vittorini,3.0,8,1903.491,3
KD-16345,Katherine Ducich,42.0,6,1888.964,0
GD-14590,Giulietta Dortch,6.0,4,1888.07,0
SG-20470,Sheri Gordon,184.0,8,1884.798,3
LR-17035,Lisa Ryan,133.0,5,1879.306,0
SC-20440,Shaun Chance,37.0,7,1874.998,3
BG-11695,Brooke Gillingham,37.0,6,1874.172,0
SP-20650,Stephanie Phelps,387.0,9,1872.436,3
NG-18355,Nat Gilpin,49.0,5,1869.58,0
CD-12790,Cynthia Delaney,400.0,5,1860.732,2
SN-20560,Skye Norling,112.0,6,1860.418,0
PR-18880,Patrick Ryan,37.0,5,1840.178,0
AJ-10945,Ashley Jarboe,86.0,7,1839.24,3
PC-18745,Pamela Coakley,3.0,4,1832.064,0
EG-13900,Emily Grady,23.0,5,1832.02,0
PJ-19015,Pauline Johnson,135.0,7,1824.234,3
NC-18625,Noah Childs,205.0,5,1821.742,0
JM-15265,Janet Molinari,38.0,5,1804.146,0
JB-15400,Jennifer Braxton,8.0,10,1791.605,3
AA-10480,Andrew Allen,260.0,4,1790.512,0
CC-12100,Chad Cunningham,458.0,6,1770.945,2
DS-13030,Darrin Sayre,94.0,4,1762.2130000000002,0
MF-18250,Monica Federle,8.0,5,1758.3,0
AH-10030,Aaron Hawkins,13.0,7,1744.6999999999998,3
LH-17155,Logan Haushalter,386.0,9,1739.689,3
BW-11200,Ben Wallace,204.0,6,1738.4060000000002,0
VT-21700,Valerie Takahito,1001.0,2,1736.596,2
AH-10120,Adrian Hane,61.0,7,1735.514,3
MV-18190,Mike Vittorini,20.0,7,1734.5739999999998,3
JM-15535,Jessica Myrick,103.0,7,1733.4430000000002,3
BE-11455,Brad Eason,255.0,6,1727.652,0
DB-13405,Denny Blanton,188.0,4,1711.692,0
JP-16135,Julie Prescott,103.0,9,1707.7099999999998,3
TZ-21580,Tracy Zic,36.0,4,1707.2860000000005,0
BP-11155,Becky Pak,90.0,6,1697.861,0
DK-12985,Darren Koutras,8.0,5,1687.04,0
MO-17800,Meg O'Connel,105.0,8,1687.027,3
RA-19945,Ryan Akin,62.0,5,1686.9225000000004,0
KE-16420,Katrina Edelman,27.0,8,1686.7312000000002,3
CA-12055,Cathy Armstrong,402.0,5,1679.724,2
CM-11815,Candace McMahon,132.0,6,1673.888,0
JP-15460,Jennifer Patt,38.0,7,1669.1350000000002,3
CM-12115,Chad McGuire,9.0,4,1661.61,0
CC-12475,Cindy Chapman,40.0,9,1659.438,3
EB-13975,Erica Bern,1.0,4,1643.255,0
AP-10720,Anne Pryor,42.0,8,1638.554,3
AZ-10750,Annie Zypern,161.0,6,1622.018,0
MS-17710,Maurice Satty,414.0,6,1613.402,2
TB-21250,Tim Brockman,350.0,7,1602.376,0
CR-12730,Craig Reiter,79.0,4,1600.55,0
AH-10195,Alan Haines,56.0,4,1587.452,0
BF-11215,Benjamin Farhat,66.0,4,1585.162,0
CK-12760,Cyma Kinney,83.0,9,1582.1090000000004,3
MC-18130,Mike Caudle,370.0,5,1581.9979999999998,2
JL-15175,James Lanier,7.0,5,1571.523,0
KB-16315,Karl Braun,297.0,9,1569.4640000000002,3
GB-14530,George Bell,63.0,11,1568.44,3
ON-18715,Odella Nelson,411.0,9,1567.52,3
MV-17485,Mark Van Huff,28.0,9,1560.05,3
MB-17305,Maria Bertelson,49.0,10,1548.7019999999998,3
BD-11620,Brian DeCherney,70.0,6,1538.1099999999997,0
CH-12070,Cathy Hwang,692.0,3,1537.2360000000003,2
BD-11725,Bruce Degenhardt,94.0,6,1526.5,0
BV-11245,Benjamin Venier,335.0,5,1523.273,0
KA-16525,Kelly Andreada,37.0,7,1519.506,3
AB-10600,Ann Blume,51.0,4,1515.862,0
JG-15805,John Grady,224.0,6,1507.0180000000005,0
DL-12865,Dan Lawera,101.0,8,1503.112,3
ZD-21925,Zuschuss Donatelli,203.0,5,1493.944,0
CM-12190,Charlotte Melton,9.0,6,1475.1440000000002,0
LE-16810,Laurel Elliston,22.0,6,1469.4500000000005,0
TB-21055,Ted Butterfield,120.0,5,1467.881,0
PN-18775,Parhena Norris,31.0,8,1467.152,3
RK-19300,Ralph Kennedy,120.0,3,1460.1920000000002,0
BN-11515,Bradley Nguyen,10.0,5,1459.344,0
DL-13315,Delfina Latchford,23.0,8,1458.2580000000005,3
PB-19150,Philip Brown,98.0,8,1456.9499999999998,3
AG-10525,Andy Gerbode,846.0,4,1455.0379999999998,2
RM-19375,Raymond Messe,346.0,6,1453.474,0
PK-18910,Paul Knutson,484.0,2,1441.152,2
TD-20995,Tamara Dahlen,38.0,9,1434.5480000000002,3
JW-16075,Julia West,462.0,4,1428.731,2
MB-18085,Mick Brown,45.0,7,1428.231,3
TT-21220,Thomas Thornton,184.0,8,1427.044,3
CA-12310,Christine Abelman,14.0,4,1421.954,0
RD-19720,Roger Demir,22.0,10,1419.7370000000003,3
NL-18310,Nancy Lomonaco,59.0,4,1418.09,0
JS-15595,Jill Stevenson,120.0,4,1417.654,0
PM-18940,Paul MacIntyre,387.0,3,1405.402,2
GA-14725,Guy Armstrong,6.0,11,1398.382,3
CR-12820,Cyra Reiten,86.0,3,1397.8724000000002,0
NG-18430,Nathan Gelder,49.0,5,1395.938,0
JE-15475,Jeremy Ellison,194.0,6,1388.682,0
TB-21595,Troy Blackwell,286.0,5,1387.559,0
FG-14260,Frank Gastineau,35.0,7,1383.1440000000002,3
DM-13525,Don Miller,482.0,3,1376.792,2
GH-14485,Gene Hale,388.0,2,1361.244,2
SB-20170,Sarah Bern,202.0,3,1348.02,0
LM-17065,Liz MacKendrick,392.0,5,1346.774,2
MG-17695,Maureen Gnade,556.0,3,1342.282,2
SJ-20215,Sarah Jordon,30.0,6,1341.036,0
BM-11785,Bryan Mills,219.0,10,1338.842,3
BF-11005,Barry Franz,40.0,4,1333.88,0
SS-20140,Saphhira Shifley,16.0,8,1324.028,3
DM-12955,Dario Medina,115.0,7,1322.034,0
MT-18070,Michelle Tran,204.0,4,1319.4498,0
SJ-20500,Shirley Jackson,254.0,5,1318.7759999999998,0
MM-17260,Magdelene Morse,169.0,4,1314.023,0
SP-20545,Sibella Parks,328.0,6,1306.0859999999998,0
MC-17575,Matt Collins,28.0,8,1303.893,3
EK-13795,Eileen Kiefer,45.0,4,1303.478,0
Co-12640,Corey-Lock,550.0,5,1300.076,2
DO-13435,Denny Ordway,134.0,9,1300.0315000000005,3
HR-14770,Hallie Redmond,14.0,5,1299.2879999999998,0
GR-14560,Georgia Rosenberg,1136.0,2,1284.38,2
CS-11845,Cari Sayre,92.0,5,1278.954,0
PS-18970,Paul Stevenson,70.0,8,1278.639,3
SV-20815,Stuart Van,77.0,4,1271.0900000000004,0
DO-13645,Doug O'Connell,27.0,7,1267.316,3
CL-11890,Carl Ludwig,107.0,4,1262.014,0
LW-17125,Liz Willingham,206.0,3,1259.04,0
ME-18010,Michelle Ellison,93.0,4,1256.944,0
GM-14500,Gene McClure,107.0,10,1255.6819999999998,3
SC-20680,Steve Carroll,127.0,6,1254.64,0
MH-17620,Matt Hagelstein,156.0,4,1252.8,0
ER-13855,Elpida Rittenbach,422.0,3,1245.788,2
TC-21475,Tony Chapman,154.0,9,1244.976,3
JW-15955,Joni Wasserman,6.0,7,1244.086,3
MG-17875,Michael Grace,117.0,5,1242.833,0
NP-18685,Nora Pelletier,407.0,6,1228.698,2
PJ-18835,Patrick Jones,40.0,8,1220.09,3
EH-14005,Erica Hernandez,3.0,7,1219.5299999999995,3
JL-15130,Jack Lebron,9.0,6,1214.956,0
CD-12280,Christina DeMoss,43.0,2,1205.584,0
MD-17860,Michael Dominguez,37.0,5,1204.91,0
DW-13585,Dorothy Wardle,243.0,7,1204.854,0
EB-14170,Evan Bailliet,83.0,6,1186.326,0
BP-11230,Benjamin Patterson,40.0,5,1181.4900000000002,0
DC-13285,Debra Catini,24.0,5,1174.618,0
AT-10435,Alyssa Tate,22.0,6,1171.814,0
JR-15670,Jim Radford,594.0,2,1156.658,2
DB-13660,Duane Benoit,13.0,7,1155.2019999999998,0
CG-12520,Claire Gute,339.0,3,1148.7800000000002,2
KC-16675,Kimberly Carter,58.0,4,1146.0500000000002,0
RD-19810,Ross DeVincentis,15.0,8,1137.6159999999998,3
CW-11905,Carl Weiss,23.0,6,1136.592,0
JS-15685,Jim Sink,43.0,4,1131.064,0
DV-13045,Darrin Van Huff,20.0,5,1119.4830000000002,0
AB-10165,Alan Barnes,26.0,8,1113.838,3
TM-21490,Tony Molinari,131.0,3,1094.678,0
JO-15550,Jesus Ocampo,216.0,5,1090.838,0
SW-20245,Scot Wooten,82.0,7,1085.078,0
JF-15490,Jeremy Farry,122.0,11,1082.918,3
DB-13360,Dennis Bolton,265.0,5,1081.466,0
DW-13195,David Wiener,70.0,6,1080.751,0
CS-12490,Cindy Schnelling,425.0,4,1077.2285000000002,2
PC-19000,Pauline Chand,883.0,2,1061.488,2
DP-13165,David Philippe,813.0,2,1058.616,2
JC-15385,Jenna Caffey,176.0,1,1058.1080000000002,0
PO-19195,Phillina Ober,87.0,5,1056.8580000000002,0
AA-10375,Allen Armold,20.0,9,1056.39,3
VS-21820,Vivek Sundaresam,222.0,4,1055.9809999999998,0
AR-10345,Alex Russell,112.0,4,1055.694,0
DP-13000,Darren Powers,127.0,9,1050.636,3
DH-13675,Duane Huffman,777.0,4,1043.096,2
SM-20905,Susan MacKendrick,607.0,1,1043.0410000000002,2
EM-14095,Eudokia Martin,114.0,4,1041.042,0
TC-21145,Theresa Coyne,107.0,1,1038.26,0
MK-18160,Mike Kennedy,241.0,4,1031.602,0
TH-21235,Tiffany House,118.0,8,1022.201,3
SW-20350,Sean Wendt,163.0,3,1019.0439999999998,0
LS-17200,Luke Schmidt,97.0,6,1010.256,0
RB-19330,Randy Bradley,69.0,2,1008.196,0
LS-17245,Lynn Smith,35.0,6,1008.136,0
BG-11740,Bruce Geld,58.0,6,1006.356,0
VP-21730,Victor Preis,31.0,3,993.902,0
KB-16600,Ken Brennan,2.0,7,983.922,0
BP-11050,Barry Pond,84.0,5,983.4199999999998,0
TS-21340,Toby Swindell,227.0,5,974.782,0
RD-19930,Russell D'Ascenzo,43.0,4,970.942,0
AB-10150,Aimee Bixby,42.0,5,966.7099999999998,0
RC-19825,Roy Collins,370.0,6,966.409,2
SS-20875,Sung Shariari,121.0,5,964.636,0
JH-15910,Jonathan Howell,42.0,7,959.4770000000002,0
JF-15295,Jason Fortune-,226.0,5,955.124,0
RP-19270,Rachel Payne,497.0,4,954.6452,2
BS-11800,Bryan Spruell,266.0,2,949.43,0
RF-19840,Roy Französisch,7.0,8,945.222,3
EB-13930,Eric Barreto,162.0,5,944.6,0
MF-17665,Maureen Fritzler,422.0,5,937.039,2
EM-13960,Eric Murdock,152.0,5,933.704,0
AC-10420,Alyssa Crouse,233.0,3,925.8,0
EH-14185,Evan Henry,106.0,6,923.884,0
MO-17500,Mary O'Rourke,73.0,4,922.487,0
AB-10255,Alejandro Ballentine,167.0,9,914.5319999999998,3
KB-16405,Katrina Bavinger,118.0,3,908.821,0
CG-12040,Catherine Glotzbach,50.0,6,904.468,0
SC-20575,Sonia Cooley,93.0,5,902.728,0
JB-15925,Joni Blumstein,738.0,3,900.552,2
HZ-14950,Henia Zydlo,36.0,5,886.5199999999999,0
AB-10015,Aaron Bergman,416.0,3,886.156,2
RC-19960,Ryan Crowe,111.0,6,885.752,0
CS-12130,Chad Sievert,490.0,4,884.64,2
HE-14800,Harold Engle,13.0,4,883.5320000000002,0
SK-19990,Sally Knutson,9.0,3,883.409,0
RE-19450,Richard Eichhorn,303.0,5,876.696,0
JM-15655,Jim Mitchum,9.0,5,864.9470000000001,0
JR-15700,Jocasta Rupert,69.0,1,863.88,0
AF-10885,Art Foster,416.0,4,861.5649999999999,2
JC-16105,Julie Creighton,58.0,5,858.576,0
MS-17980,Michael Stewart,27.0,6,855.1160000000001,0
VF-21715,Vicky Freymann,14.0,5,847.944,0
VG-21790,Vivek Gonzalez,155.0,6,846.0100000000001,0
CS-12175,Charles Sheldon,233.0,5,844.4580000000001,0
TB-21355,Todd Boyes,147.0,5,834.328,0
AS-10630,Ann Steele,93.0,7,833.398,0
EH-13990,Erica Hackney,406.0,6,825.9499999999999,2
TB-21190,Thomas Brumley,50.0,4,816.174,0
AM-10360,Alice McCarthy,29.0,5,814.0120000000001,0
BM-11575,Brendan Murry,101.0,6,808.1619999999999,0
DK-13150,David Kendrick,11.0,2,797.832,0
MC-17635,Matthew Clasen,190.0,4,795.1540000000001,0
BF-11275,Beth Fritzler,58.0,3,791.9899999999999,0
HG-14845,Harry Greene,55.0,5,785.628,0
MG-17890,Michael Granlund,100.0,9,776.384,3
MM-18280,Muhammed MacIntyre,86.0,9,775.4140000000001,3
SF-20065,Sandra Flanagan,60.0,7,763.5459999999998,0
SW-20755,Steven Ward,535.0,2,758.696,2
LP-17080,Liz Pelletier,41.0,4,756.606,0
Dl-13600,Dorris liebe,120.0,5,755.602,0
IG-15085,Ivan Gibson,72.0,4,744.574,0
BB-10990,Barry Blumstein,106.0,5,744.3399999999999,0
TC-21535,Tracy Collins,5.0,7,742.558,0
ML-18040,Michelle Lonsdale,80.0,3,742.082,0
RH-19555,Ritsa Hightower,520.0,2,740.382,2
PB-18805,Patrick Bzostek,26.0,3,740.356,0
AH-10585,Angele Hood,22.0,4,738.504,0
HM-14980,Henry MacAllister,248.0,4,736.276,0
PH-18790,Patricia Hirasaki,71.0,1,729.648,0
PA-19060,Pete Armstrong,104.0,6,729.408,0
JJ-15445,Jennifer Jackson,484.0,5,709.1780000000001,2
JD-16060,Julia Dunbar,301.0,3,695.4420000000001,0
PB-19105,Peter Bühler,58.0,4,688.324,0
EH-13945,Eric Hoffmann,218.0,8,684.171,3
TR-21325,Toby Ritter,194.0,5,675.942,0
AG-10330,Alex Grayson,9.0,5,660.972,0
BK-11260,Berenike Kampe,78.0,6,659.138,0
BD-11770,Bryan Davis,328.0,6,658.466,0
AC-10660,Anna Chung,283.0,5,657.316,0
AW-10840,Anthony Witt,21.0,4,649.376,0
LO-17170,Lori Olson,3.0,5,644.35,0
JB-16000,Joy Bell-,44.0,7,644.1188,0
CD-11980,Carol Darley,55.0,3,639.766,0
MR-17545,Mathew Reese,126.0,4,639.178,0
AJ-10960,Astrea Jones,75.0,3,629.2479999999999,0
RR-19315,Ralph Ritter,20.0,2,615.932,0
SS-20515,Shirley Schmidt,492.0,3,613.4000000000001,2
BT-11440,Bobby Trafton,561.0,4,603.876,2
BF-10975,Barbara Fisher,92.0,7,599.798,0
MZ-17335,Maria Zettner,31.0,4,593.606,0
DL-13330,Denise Leinenbach,58.0,4,585.02,0
AS-10240,Alan Shonely,193.0,7,584.6080000000001,0
BD-11635,Brian Derr,10.0,3,582.646,0
NK-18490,Neil Knudson,71.0,7,572.048,0
CM-11935,Carlos Meador,709.0,2,565.392,2
CS-12460,Chuck Sachs,28.0,2,550.6440000000001,0
CS-11860,Cari Schnelling,163.0,6,537.6320000000001,0
JH-15820,John Huston,175.0,6,528.9100000000001,0
RB-19570,Rob Beeghly,26.0,5,528.546,0
AY-10555,Andy Yotov,15.0,4,497.01400000000007,0
CR-12625,Corey Roper,471.0,3,475.9,2
MS-17530,MaryBeth Skach,435.0,4,475.656,2
JS-15940,Joni Sundaresam,464.0,5,469.169,2
EC-14050,Erin Creighton,54.0,5,461.914,0
KM-16660,Khloe Miller,16.0,5,453.538,0
KW-16570,Kelly Williams,772.0,4,449.09600000000006,2
TT-21265,Tim Taslimi,407.0,3,439.5,2
ST-20530,Shui Tom,126.0,7,433.34,0
VG-21805,Vivek Grady,287.0,5,427.372,0
SS-20590,Sonia Sunley,433.0,6,418.49,2
BT-11485,Brad Thomas,660.0,2,415.196,2
MH-17440,Mark Haberlin,377.0,4,400.016,2
BW-11065,Barry Weirich,213.0,3,385.516,0
JD-16015,Joy Daniels,113.0,6,385.43,0
JK-15325,Jason Klamczynski,288.0,3,383.812,0
VM-21835,Vivian Mathis,118.0,5,380.69,0
NF-18475,Neil Französisch,526.0,4,377.162,2
MS-17830,Melanie Seite,453.0,4,370.348,2
LS-17230,Lycoris Saunders,778.0,3,368.88,2
AG-10300,Aleksandra Gannaway,119.0,4,367.548,0
EM-14200,Evan Minnotte,159.0,3,366.822,0
HJ-14875,Heather Jas,127.0,5,358.1,0
DW-13540,Don Weiss,99.0,5,344.08000000000004,0
LT-16765,Larry Tron,27.0,3,329.876,0
BD-11560,Brendan Dodson,279.0,2,320.54,0
LH-17020,Lisa Hazard,240.0,4,318.239,0
JH-15430,Jennifer Halladay,6.0,4,309.281,0
JM-15580,Jill Matthias,1.0,5,303.948,0
CM-12445,Chuck Magee,437.0,3,287.98999999999995,2
LH-16750,Larry Hughes,152.0,3,287.426,0
SC-20845,Sung Chung,132.0,2,280.632,0
SC-20800,Stuart Calhoun,31.0,4,279.256,0
NB-18580,Nicole Brennan,1166.0,2,273.872,2
BF-11080,Bart Folk,26.0,3,272.95,0
DD-13570,Dorothy Dickinson,42.0,6,269.54200000000003,0
BN-11470,Brad Norvell,25.0,4,265.296,0
AR-10510,Andrew Roberts,15.0,5,264.86400000000003,0
HD-14785,Harold Dahlen,770.0,3,251.36,2
SM-20005,Sally Matthias,422.0,4,244.494,2
PL-18925,Paul Lucas,16.0,5,239.481,0
GP-14740,Guy Phonely,766.0,2,236.53,2
EM-14065,Erin Mull,48.0,4,228.99,0
GT-14755,Guy Thornton,35.0,4,226.436,0
RB-19645,Robert Barroso,649.0,5,221.084,2
HH-15010,Hilary Holden,73.0,2,218.668,0
AG-10390,Allen Goldenen,115.0,5,200.945,0
JJ-15760,Joel Jenkins,754.0,2,195.0,2
AG-10765,Anthony Garverick,78.0,4,170.58399999999995,0
ML-18265,Muhammed Lee,101.0,2,162.232,0
AO-10810,Anthony O'Donnell,502.0,1,161.28,2
PT-19090,Pete Takahito,72.0,4,160.572,0
DA-13450,Dianna Arnett,353.0,4,156.76,2
MO-17950,Michael Oakman,181.0,2,154.288,0
GH-14665,Greg Hansen,3.0,2,146.94080000000002,0
PB-19210,Phillip Breyer,689.0,2,132.738,2
BO-11425,Bobby Odegard,76.0,2,130.83,0
EL-13735,Ed Ludwig,78.0,2,124.28,0
CC-12550,Clay Cheatham,28.0,3,113.832,0
RM-19750,Roland Murray,300.0,1,98.35,2
KS-16300,Karen Seio,296.0,3,88.47200000000001,0
AR-10570,Anemone Ratner,535.0,1,88.15,2
FW-14395,Fred Wasserman,363.0,3,79.75,2
JC-15340,Jasper Cacioppo,115.0,4,71.26299999999999,0
AS-10135,Adrian Shami,42.0,2,58.82,0
LB-16735,Larry Blacks,49.0,3,50.188,0
RE-19405,Ricardo Emerson,1098.0,1,48.36,2
SG-20890,Susan Gilcrest,227.0,3,47.946,0
RS-19870,Roy Skaria,20.0,2,22.328,0
MG-18205,Mitch Gastineau,265.0,1,16.739,0
CJ-11875,Carl Jackson,366.0,1,16.52,2
LD-16855,Lela Donovan,553.0,1,5.304,2
TS-21085,Thais Sissman,358.0,2,4.833,2
